t,o,h,l,c
2021-01-11,42.40330000,46.72280000,35.03740000,45.86750000
2021-01-18,45.86450000,47.21870000,36.85180000,41.82630000
2021-01-25,41.82700000,45.82690000,39.61020000,44.32920000
2021-02-01,44.32910000,75.50000000,43.43310000,68.35420000
2021-02-08,68.35500000,148.40000000,67.61520000,135.86230000
2021-02-15,135.86230000,348.69690000,118.00000000,295.25970000
2021-02-22,294.91670000,296.00000000,186.10000000,210.21380000
2021-03-01,210.11770000,264.90000000,209.12040000,240.11000000
2021-03-08,240.10390000,315.28550000,228.70290000,263.23800000
2021-03-15,263.35000000,277.80000000,240.19900000,264.65130000
2021-03-22,264.71520000,281.39390000,224.96860000,268.42630000
2021-03-29,268.62340000,356.98820000,264.45850000,348.86170000
2021-04-05,348.87050000,529.21100000,335.84420000,525.92750000
2021-04-12,525.92750000,638.56730000,428.00000000,481.43670000
2021-04-19,481.51120000,613.89750000,450.00000000,505.00000000
2021-04-26,505.00000000,645.57000000,501.50000000,621.78000000
2021-05-03,621.77000000,680.00000000,604.14000000,661.74000000
2021-05-10,661.74000000,691.77000000,526.60000000,564.32000000
2021-05-17,564.66000000,564.66000000,211.70000000,260.72000000
2021-05-24,260.72000000,388.28000000,257.40000000,325.57000000
2021-05-31,325.55000000,433.00000000,307.55000000,393.73000000
2021-06-07,393.82000000,407.42000000,319.18000000,365.80000000
2021-06-14,365.81000000,379.58000000,310.13000000,339.08000000
2021-06-21,339.09000000,342.00000000,225.42000000,290.87000000
2021-06-28,290.89000000,315.60000000,276.40000000,307.62000000
2021-07-05,307.63000000,340.00000000,291.00000000,322.16000000
2021-07-12,322.17000000,334.37000000,290.24000000,302.10000000
2021-07-19,302.04000000,307.79000000,254.52000000,302.56000000
2021-07-26,302.56000000,347.80000000,297.61000000,332.59000000
2021-08-02,332.63000000,359.87000000,317.02000000,341.79000000
2021-08-09,341.79000000,418.80000000,333.15000000,414.05000000
2021-08-16,414.05000000,460.00000000,385.47000000,448.68000000
2021-08-23,448.69000000,518.94000000,445.89000000,479.70000000
2021-08-30,479.70000000,509.90000000,448.20000000,504.80000000
2021-09-06,504.90000000,509.00000000,369.00000000,416.30000000
2021-09-13,416.40000000,438.00000000,383.00000000,408.60000000
2021-09-20,408.50000000,410.10000000,320.00000000,344.00000000
2021-09-27,344.00000000,438.20000000,330.00000000,430.50000000
2021-10-04,430.50000000,450.00000000,402.00000000,404.10000000
2021-10-11,404.00000000,484.70000000,392.20000000,470.90000000
2021-10-18,471.00000000,505.90000000,466.00000000,475.80000000
2021-10-25,475.80000000,540.50000000,435.30000000,524.60000000
2021-11-01,524.60000000,669.30000000,511.00000000,649.60000000
2021-11-08,649.50000000,662.90000000,573.00000000,650.80000000
2021-11-15,650.70000000,659.50000000,510.00000000,584.00000000
2021-11-22,584.00000000,657.90000000,553.80000000,611.30000000
2021-11-29,611.40000000,649.80000000,489.20000000,557.80000000
2021-12-06,557.70000000,617.00000000,533.00000000,570.30000000
2021-12-13,570.30000000,572.20000000,501.60000000,529.80000000
2021-12-20,529.80000000,554.40000000,505.60000000,546.40000000
2021-12-27,546.50000000,572.00000000,506.00000000,531.00000000
2022-01-03,531.00000000,532.80000000,415.00000000,438.70000000
2022-01-10,438.80000000,506.00000000,405.60000000,498.60000000
2022-01-17,498.60000000,499.10000000,336.30000000,383.90000000
2022-01-24,384.00000000,402.40000000,336.00000000,377.20000000
2022-01-31,377.20000000,431.00000000,359.60000000,419.90000000
2022-02-07,419.90000000,445.40000000,390.50000000,397.90000000
2022-02-14,398.00000000,443.00000000,375.00000000,380.60000000
2022-02-21,380.70000000,393.70000000,323.50000000,360.10000000
2022-02-28,360.10000000,424.90000000,355.80000000,375.00000000
2022-03-07,375.00000000,402.70000000,360.10000000,361.40000000
2022-03-14,361.40000000,406.40000000,359.50000000,390.80000000
2022-03-21,390.80000000,431.60000000,384.80000000,430.50000000
2022-03-28,430.60000000,455.70000000,412.80000000,450.40000000
2022-04-04,450.40000000,460.00000000,416.20000000,418.10000000
2022-04-11,418.10000000,426.90000000,391.20000000,406.60000000
2022-04-18,406.70000000,431.40000000,396.20000000,398.80000000
2022-04-25,398.80000000,410.70000000,375.50000000,389.90000000
2022-05-02,389.90000000,413.60000000,349.50000000,355.90000000
2022-05-09,355.90000000,359.30000000,218.80000000,312.40000000
2022-05-16,312.40000000,323.70000000,286.80000000,319.40000000
2022-05-23,319.30000000,337.90000000,290.60000000,305.80000000
2022-05-30,305.90000000,324.80000000,293.30000000,299.10000000
2022-06-06,299.10000000,312.30000000,251.10000000,254.80000000
2022-06-13,254.80000000,257.80000000,183.40000000,215.10000000
2022-06-20,215.10000000,245.20000000,204.80000000,233.90000000
2022-06-27,234.00000000,242.80000000,205.40000000,219.20000000
2022-07-04,219.20000000,247.70000000,214.80000000,234.70000000
2022-07-11,234.70000000,256.10000000,216.40000000,247.80000000
2022-07-18,247.80000000,274.80000000,247.60000000,261.40000000
2022-07-25,261.40000000,302.00000000,239.60000000,283.40000000
2022-08-01,283.50000000,325.90000000,274.20000000,322.80000000
2022-08-08,322.70000000,336.80000000,312.40000000,317.60000000
2022-08-15,317.60000000,327.40000000,276.20000000,301.90000000
2022-08-22,301.90000000,307.50000000,273.30000000,276.50000000
2022-08-29,276.50000000,292.00000000,270.70000000,279.10000000
2022-09-05,279.10000000,298.60000000,258.60000000,295.30000000
2022-09-12,295.30000000,300.00000000,263.10000000,266.20000000
2022-09-19,266.30000000,285.00000000,256.70000000,274.30000000
2022-09-26,274.30000000,289.80000000,266.30000000,284.70000000
2022-10-03,284.70000000,298.20000000,275.10000000,278.20000000
2022-10-10,278.20000000,279.20000000,256.80000000,272.50000000
2022-10-17,272.40000000,276.80000000,263.40000000,276.00000000
2022-10-24,275.90000000,318.80000000,271.60000000,313.50000000
2022-10-31,313.60000000,361.30000000,306.50000000,337.90000000
2022-11-07,337.80000000,398.30000000,260.20000000,276.40000000
2022-11-14,276.40000000,292.00000000,261.80000000,264.20000000
2022-11-21,264.20000000,317.80000000,250.00000000,307.60000000
2022-11-28,307.70000000,309.60000000,285.40000000,291.80000000
2022-12-05,291.80000000,297.20000000,281.10000000,284.40000000
2022-12-12,284.50000000,285.80000000,220.00000000,251.00000000
2022-12-19,251.10000000,253.50000000,236.80000000,243.20000000
2022-12-26,243.20000000,248.90000000,241.50000000,244.40000000
2023-01-02,244.50000000,276.50000000,240.70000000,274.90000000
2023-01-09,274.90000000,314.40000000,270.20000000,302.20000000
2023-01-16,302.20000000,311.40000000,281.10000000,303.00000000
2023-01-23,303.10000000,323.50000000,293.40000000,317.20000000
2023-01-30,317.10000000,337.80000000,302.00000000,327.80000000
2023-02-06,327.80000000,335.80000000,302.00000000,312.60000000
2023-02-13,312.60000000,327.80000000,282.80000000,311.50000000
2023-02-20,311.50000000,319.80000000,295.50000000,308.70000000
2023-02-27,308.70000000,309.40000000,285.80000000,288.70000000
2023-03-06,288.80000000,294.30000000,265.00000000,288.10000000
2023-03-13,288.10000000,346.30000000,286.10000000,336.70000000
2023-03-20,336.70000000,339.90000000,316.00000000,328.60000000
2023-03-27,328.60000000,329.80000000,305.90000000,313.70000000
2023-04-03,313.80000000,316.80000000,299.50000000,312.80000000
2023-04-10,312.80000000,350.00000000,311.50000000,347.70000000
2023-04-17,347.70000000,350.00000000,315.30000000,330.70000000
2023-04-24,330.60000000,345.00000000,318.70000000,337.50000000
2023-05-01,337.50000000,339.60000000,319.50000000,321.00000000
2023-05-08,321.00000000,322.10000000,301.20000000,312.10000000
2023-05-15,312.10000000,316.30000000,305.70000000,306.40000000
2023-05-22,306.40000000,315.40000000,301.40000000,314.10000000
2023-05-29,314.20000000,317.30000000,303.00000000,305.00000000
2023-06-05,305.10000000,305.10000000,228.40000000,235.40000000
2023-06-12,235.40000000,252.80000000,220.40000000,244.10000000
2023-06-19,244.10000000,257.00000000,230.40000000,238.80000000
2023-06-26,238.90000000,249.00000000,224.60000000,246.50000000
2023-07-03,246.50000000,254.70000000,231.10000000,234.10000000
2023-07-10,234.10000000,261.70000000,231.30000000,242.30000000
2023-07-17,242.30000000,246.70000000,237.50000000,242.50000000
2023-07-24,242.40000000,244.50000000,235.00000000,242.50000000
2023-07-31,242.60000000,248.80000000,235.70000000,243.20000000
2023-08-07,243.10000000,248.00000000,238.00000000,240.20000000
2023-08-14,240.20000000,241.50000000,212.50000000,216.50000000
2023-08-21,216.60000000,221.20000000,203.40000000,218.40000000
2023-08-28,218.40000000,234.80000000,211.20000000,214.40000000
2023-09-04,214.40000000,218.80000000,211.10000000,212.40000000
2023-09-11,212.40000000,216.80000000,203.90000000,216.50000000
2023-09-18,216.40000000,221.30000000,206.50000000,208.30000000
2023-09-25,208.30000000,219.40000000,206.50000000,218.20000000
2023-10-02,218.20000000,221.60000000,208.80000000,211.40000000
2023-10-09,211.30000000,213.10000000,202.00000000,209.70000000
2023-10-16,209.80000000,219.00000000,208.20000000,217.80000000
2023-10-23,217.80000000,238.10000000,216.90000000,227.10000000
2023-10-30,227.10000000,245.50000000,222.30000000,244.00000000
2023-11-06,244.00000000,258.00000000,240.00000000,247.40000000
2023-11-13,247.50000000,256.00000000,233.70000000,246.40000000
2023-11-20,246.50000000,271.90000000,224.00000000,231.70000000
2023-11-27,231.80000000,232.90000000,222.50000000,228.10000000
2023-12-04,228.10000000,245.50000000,224.80000000,239.80000000
2023-12-11,239.80000000,257.30000000,228.00000000,238.80000000
2023-12-18,238.90000000,276.50000000,232.00000000,264.50000000
2023-12-25,264.40000000,338.30000000,261.50000000,311.80000000
2024-01-01,311.90000000,334.30000000,293.60000000,302.40000000
2024-01-08,302.50000000,316.80000000,288.80000000,299.50000000
2024-01-15,299.40000000,321.70000000,299.40000000,318.60000000
2024-01-22,318.70000000,320.30000000,287.50000000,305.30000000
2024-01-29,305.30000000,313.10000000,296.40000000,304.70000000
2024-02-05,304.70000000,326.30000000,299.50000000,320.70000000
2024-02-12,320.60000000,366.80000000,315.60000000,349.80000000
2024-02-19,349.80000000,391.00000000,344.80000000,388.50000000
2024-02-26,388.50000000,427.30000000,382.00000000,414.50000000
2024-03-04,414.50000000,537.50000000,356.10000000,528.90000000
2024-03-11,528.90000000,645.20000000,505.50000000,571.70000000
2024-03-18,571.70000000,588.10000000,495.80000000,567.70000000
2024-03-25,567.80000000,620.00000000,560.30000000,606.70000000
2024-04-01,606.70000000,607.70000000,539.00000000,583.90000000
2024-04-08,583.80000000,634.50000000,508.00000000,566.40000000
2024-04-15,566.40000000,585.50000000,512.60000000,579.60000000
2024-04-22,579.60000000,618.50000000,578.40000000,600.20000000
2024-04-29,600.20000000,604.30000000,536.70000000,592.00000000
2024-05-06,592.00000000,605.80000000,574.40000000,594.80000000
2024-05-13,594.80000000,598.40000000,560.00000000,574.50000000
2024-05-20,574.60000000,631.40000000,568.80000000,600.20000000
2024-05-27,600.30000000,614.40000000,586.50000000,602.90000000
2024-06-03,602.80000000,721.80000000,601.20000000,673.00000000
2024-06-10,673.10000000,674.80000000,590.00000000,610.80000000
2024-06-17,610.90000000,612.60000000,575.00000000,577.50000000
2024-06-24,577.50000000,585.30000000,551.20000000,582.20000000
2024-07-01,582.30000000,588.30000000,454.80000000,490.70000000
2024-07-08,490.70000000,547.70000000,471.00000000,544.80000000
2024-07-15,544.90000000,603.40000000,543.80000000,602.50000000
2024-07-22,602.50000000,605.60000000,553.10000000,583.90000000
2024-07-29,583.90000000,598.00000000,486.50000000,496.90000000
2024-08-05,496.90000000,535.80000000,400.00000000,503.40000000
2024-08-12,503.50000000,547.70000000,499.20000000,531.20000000
2024-08-19,531.30000000,600.60000000,529.10000000,573.90000000
2024-08-26,573.90000000,575.60000000,507.70000000,512.40000000
2024-09-02,512.30000000,538.40000000,471.30000000,503.10000000
2024-09-09,503.20000000,561.90000000,501.70000000,553.40000000
2024-09-16,553.40000000,594.60000000,527.00000000,588.70000000
2024-09-23,588.70000000,618.60000000,580.80000000,595.60000000
2024-09-30,595.60000000,595.80000000,534.30000000,570.30000000
2024-10-07,570.40000000,586.80000000,551.50000000,572.20000000
2024-10-14,572.30000000,607.30000000,558.90000000,605.90000000
2024-10-21,605.90000000,611.80000000,565.80000000,589.20000000
2024-10-28,589.30000000,612.20000000,547.00000000,557.70000000
2024-11-04,557.70000000,644.20000000,543.60000000,627.33000000
2024-11-11,627.34000000,667.40000000,598.60000000,618.90000000
2024-11-18,618.93000000,687.75000000,593.05000000,659.65000000
2024-11-25,659.65000000,677.20000000,600.02000000,655.99000000
2024-12-02,656.00000000,793.86000000,622.85000000,742.00000000
2024-12-09,742.00000000,742.50000000,642.00000000,718.87000000
2024-12-16,718.87000000,737.37000000,618.69000000,649.77000000
2024-12-23,649.77000000,731.24000000,638.10000000,694.71000000
2024-12-30,694.71000000,721.84000000,687.75000000,709.29000000
2025-01-06,709.29000000,745.29000000,674.72000000,693.34000000
2025-01-13,693.35000000,729.97000000,660.00000000,683.19000000
2025-01-20,683.20000000,709.38000000,664.64000000,667.37000000
2025-01-27,667.36000000,689.44000000,600.00000000,617.80000000
2025-02-03,617.80000000,648.13000000,500.00000000,615.81000000
2025-02-10,615.81000000,732.00000000,596.24000000,673.10000000
2025-02-17,673.10000000,682.29000000,629.65000000,658.42000000
2025-02-24,658.41000000,659.56000000,559.71000000,623.94000000
2025-03-03,623.94000000,624.36000000,546.83000000,554.65000000
2025-03-10,554.65000000,622.80000000,507.00000000,602.20000000
2025-03-17,602.21000000,643.72000000,602.04000000,623.79000000
2025-03-24,623.80000000,644.88000000,593.58000000,602.20000000
2025-03-31,602.20000000,618.54000000,544.17000000,555.54000000
2025-04-07,555.55000000,600.48000000,520.00000000,584.28000000
2025-04-14,584.29000000,596.08000000,576.00000000,592.77000000
2025-04-21,592.77000000,619.99000000,592.53000000,603.46000000
2025-04-28,603.46000000,610.75000000,584.70000000,586.03000000
2025-05-05,586.02000000,678.95000000,583.55000000,651.15000000
2025-05-12,651.15000000,693.00000000,634.39000000,651.53000000
2025-05-19,651.54000000,691.35000000,633.51000000,669.44000000
2025-05-26,669.45000000,697.73000000,645.04000000,660.77000000
2025-06-02,660.77000000,673.43000000,625.44000000,652.00000000
2025-06-09,652.00000000,674.80000000,639.00000000,648.19000000
2025-06-16,648.19000000,659.46000000,601.25000000,615.81000000
2025-06-23,615.81000000,656.00000000,615.05000000,654.90000000
2025-06-30,654.90000000,664.99000000,643.71000000,663.13000000
2025-07-07,663.13000000,697.24000000,656.77000000,692.00000000
2025-07-14,692.01000000,765.56000000,675.30000000,756.82000000
2025-07-21,756.82000000,847.12000000,742.62000000,844.00000000
2025-07-28,844.00000000,861.10000000,730.01000000,751.21000000
2025-08-04,751.21000000,819.44000000,745.11000000,807.22000000
2025-08-11,807.22000000,869.40000000,792.00000000,855.38000000
2025-08-18,855.38000000,900.71000000,818.57000000,876.51000000
2025-08-25,876.51000000,881.36000000,829.59000000,857.65000000
2025-09-01,857.66000000,884.05000000,840.00000000,880.05000000
2025-09-08,880.05000000,944.95000000,870.01000000,926.51000000
2025-09-15,926.51000000,1083.47000000,910.64000000,1047.80000000
2025-09-22,1047.80000000,1050.55000000,932.01000000,993.01000000
2025-09-29,993.01000000,1192.42000000,991.12000000,1167.38000000
2025-10-06,1167.38000000,1349.99000000,860.11000000,1302.65000000
2025-10-13,1302.65000000,1375.11000000,1021.00000000,1109.88000000
2025-10-20,1109.88000000,1161.90000000,1052.46000000,1138.19000000
2025-10-27,1138.19000000,1182.60000000,1043.48000000,1083.25000000
2025-11-03,1083.25000000,1087.24000000,880.80000000,996.63000000
2025-11-10,996.63000000,1019.56000000,887.88000000,926.56000000
2025-11-17,926.59000000,941.06000000,790.79000000,843.60000000
2025-11-24,843.60000000,906.50000000,830.01000000,875.31000000
2025-12-01,875.30000000,928.24000000,801.70000000,894.37000000
2025-12-08,894.38000000,928.00000000,859.54000000,877.27000000
2025-12-15,877.27000000,895.42000000,818.39000000,858.64000000
2025-12-22,858.63000000,871.00000000,821.21000000,859.32000000
2025-12-29,859.32000000,902.85000000,846.00000000,895.43000000
2026-01-05,895.43000000,923.93000000,875.10000000,904.32000000
2026-01-12,904.32000000,959.52000000,894.00000000,932.51000000
2026-01-19,932.51000000,933.13000000,856.00000000,866.02000000
2026-01-26,866.02000000,909.43000000,739.63000000,758.54000000
2026-02-02,758.54000000,783.57000000,570.06000000,639.93000000
2026-02-09,639.93000000,646.15000000,587.14000000,615.16000000
2026-02-16,615.17000000,634.80000000,596.00000000,614.80000000
2026-02-23,614.80000000,640.55000000,577.06000000,617.96000000
2026-03-02,617.96000000,666.16000000,607.86000000,611.98000000
2026-03-09,611.99000000,679.00000000,611.01000000,673.77000000
2026-03-16,673.77000000,687.82000000,622.16000000,626.41000000
2026-03-23,626.41000000,652.80000000,596.42000000,606.09000000
2026-03-30,606.09000000,621.90000000,570.31000000,601.50000000
2026-04-06,601.50000000,624.85000000,589.10000000,592.19000000
2026-04-13,592.19000000,648.79000000,591.60000000,616.06000000
2026-04-20,616.07000000,654.19000000,615.97000000,635.76000000
2026-04-27,635.77000000,639.81000000,610.26000000,617.27000000
2026-05-04,617.28000000,666.66000000,615.61000000,663.55000000
2026-05-11,663.56000000,689.98000000,640.01000000,649.48000000
2026-05-18,649.48000000,664.20000000,634.30000000,656.57000000
2026-05-25,656.58000000,745.74000000,628.22000000,710.55000000
2026-06-01,710.54000000,729.57000000,556.46000000,604.44000000
2026-06-08,604.44000000,617.24000000,580.68000000,616.79000000
2026-06-15,616.79000000,632.90000000,570.82000000,584.23000000
2026-06-22,584.23000000,602.31000000,540.60000000,551.07000000
2026-06-29,551.07000000,593.47000000,537.25000000,589.87000000
2026-07-06,589.88000000,593.10000000,560.40000000,573.91000000
2026-07-13,573.91000000,585.87000000,555.59000000,571.06000000
2026-07-20,571.06000000,579.79000000,556.00000000,575.32000000
2026-07-27,575.31000000,596.00000000,562.03000000,588.46000000
2026-08-03,588.46000000,612.00000000,581.03000000,602.23000000
2026-08-10,602.22000000,620.55000000,597.32000000,602.98000000
2026-08-17,602.99000000,726.08000000,600.00000000,702.37000000
2026-08-24,702.37000000,719.99000000,679.09000000,684.74000000
2026-08-31,684.73000000,780.64000000,674.60000000,753.00000000
2026-09-07,753.01000000,761.39000000,703.62000000,716.41000000
2026-09-14,716.41000000,777.98000000,704.29000000,772.56000000
2026-09-21,772.56000000,807.49000000,756.83000000,778.90000000
2026-09-28,778.90000000,797.89000000,750.47000000,795.43000000
2026-10-05,795.42000000,809.99000000,758.57000000,766.33000000